ItemID,StatusID,location,item,action_keyword,condition,threshold,display,add_history,necromancy,necromancy_result,display_fail,result,result_fail,is_breakable,break_condition,break_threshold,break_fail,break_fail_result,break,break_result
1,1,地牢,火炬,,,,这是小黑屋中唯一的光源，你可不想把它熄灭。还是不要去动它为好。,,,,,,,0,,,,,,
2,1,地牢,砖块,,,,"你发现牢狱砖头可以移开，后面藏着一封信件：

不论谁发现了这封信件，快逃！
我因为有给建筑设计成符合风水的能力，被一个浑身穿着绿衣服的人拉来给这里做建筑设计。
但是这里面的布局明明是一座监狱啊。
他不知从哪运来的青铜巨轮彻夜轰鸣，还会发出我从未见过的一种光。
我在这里待得越久，我发现自己的精力越差，甚至记忆也随之消退了。
之前我一直念叨的小孙子，我昨天竟然已经完全忘记他的名字了。甚至我儿子的名字也要想半天才能想起来。
我想逃出去，但是我忘了自己是怎么来的了，哪怕我在夜里撬开牢门到了外头也只能看到一片荒漠。
我现在眼皮越来越沉，我怕我再也醒不过来，更怕醒过来之后连自己是谁也忘了，成为一副行尸走肉。
我已经太老了，没有穿越荒漠的能力。如果有谁能够看到这封信，我把撬锁器留给你，趁着你还有意识，出去搏一搏。

你在信的下方看到一根撬锁器，看上去是信的主人留给你的。

你透过拿走的砖头望去，发现令你无法理解的场景：
在监狱后面还有一个房间，里面摆放着你没见过的机器。
机器上的透明玻璃发着光，你可以肯定这不是因为里面藏了萤火虫。
而旁边有着光滑的石头，上面也发着令你不安的光芒，那光芒甚至组成了你看不懂的文字。
你感觉这台机器好似在吞噬你。
<placeholder_for_img:hidden_room>
身体的本能告诉你，不要靠近这里。",玩家获得了开锁器,,,,"change_status:4,2;change_status:2,2;add_available_item:7",,0,,,,,,
2,2,地牢,砖块,,,,身体的本能告诉你，不要靠近砖块后的房间,,,,,,,0,,,,,,
7,1,地牢,隐藏房间,,,,身体的本能告诉你，不要靠近砖块后的房间,,,,,,,0,,,,,,
3,1,地牢,尸体,,,,一具尸体无法给你任何信息，你决定对它使用通灵术看看能否获得有用的信息,,"宛如你与生俱来的本能，通灵之术的力量并未随你往昔的记忆一同消散于无形。你全神贯注，细细感知周遭灵力的微妙波动；你感到后颈青筋暴起，有一股热量汇聚在风府穴。此刻你的视线所及之处，万物皆似被一层薄雾轻轻笼罩，唯有那尸体在朦胧中闪烁着诡异的绿光，犹如暗夜中的幽灵之火。
【你感受到这个灵魂的生前可能是一个极为精湛的手艺人或名匠，感知+1】","add_npc:1;change_status:3,2;self_change:sense,1",,,,1,,,,,这具尸体生前或许是个好人，或许被谁爱着，又或许被某人惦记着，可那又怎样？依然死在了这座地牢里，甚至连他死后的化为的尸体都不被你放过，被亵渎后毁灭了,"npc_status:1,-1"
3,2,地牢,尸体,,,,你已经对它使用了通灵术，最好问问那个幽灵你怎么会来到这里,玩家对尸体使用了通灵术，可以和依附于尸体的幽灵交流了,你已经对尸体使用了通灵术，最好问问那个幽灵你怎么会来到这里,,,,,1,,,,,这具尸体生前或许是个好人，或许被谁爱着，又或许被某人惦记着，可那又怎样？依然死在了这座地牢里，甚至连他死后的化为的尸体都不被你放过，被亵渎后毁灭了,"npc_status:1,-1"
3,-1,地牢,尸体,,,,这具尸体无法给你任何信息，甚至连依附在上面的灵魂也已然消散,尸体被玩家破坏了,,,,,,0,,,,,,
4,1,地牢,栅栏门,,,,栅栏门后可能不仅是自由，更可能是狱卒,,,,,,,1,strength,8.0,你使出了浑身的力气也没能撞开这扇门。当然，这动静也引来了狱卒。,"add_npc:2;change_status:4,-1",【成功，体质+1】凭借着你的出众体能，你奇迹般地撞开了这扇门。当然，这动静也引来了狱卒。,"add_npc:2;self_change:strength,1"
4,2,地牢,栅栏门,撬开栅栏门,sense,6,"【成功，感知+1】你没有辜负信件主人留给你的撬锁器，成功将锁撬开了。
幸而看守的妖怪在内屋中睡大觉，你才得以悄悄溜到门外。你不知道应当去哪里，通向外界的路只有一开始有些许蹄印，之后全都被风沙掩埋，只有旁边的一匹老马能做指引。",玩家成功撬开了门锁,,,【失败，感知<6】尽管发现了信件主人给你的开锁器，你依然没能成功撬开门锁,"change_status:4,-1;add_available_item:6;self_change:sense,1;add_preset:试试对马匹使用通灵术？",,1,strength,8.0,你使出了浑身的力气也没能撞开这扇门。当然，这动静也引来了狱卒。,"add_npc:2;change_status:4,-1",【成功，体质+1】凭借着你的出众体能，你奇迹般地撞开了这扇门。当然，这动静也引来了狱卒。,"add_npc:2;self_change:strength,1"
4,2,地牢,栅栏门,,,,栅栏门后可能不仅是自由，更可能是狱卒,,,,,,,1,strength,8.0,你使出了浑身的力气也没能撞开这扇门。当然，这动静也引来了狱卒。,"add_npc:2;change_status:4,-1",【成功，体质+1】凭借着你的出众体能，你奇迹般地撞开了这扇门。当然，这动静也引来了狱卒。,"add_npc:2;self_change:strength,1"
4,-1,地牢,栅栏门,,,,栅栏门已经开了,,,,,,,0,,,,,,
6,1,地牢,马匹,,,,如果知道去哪里的话，就用这匹马当交通工具吧,,你看到一个浑身穿着绿衣的人骑着马，向断了角的妖怪吩咐说自己还是去南方客栈，让妖怪不要放跑任何人,add_location:南方客栈,,,,0,,,,,,
8,1,南方客栈,井,,,,你望着这口井，漆黑一片不知道有多深，但是血迹通向此处，说不定井下有你需要的信息。,,,,,,,0,,,,,,
8,1,南方客栈,井,,sense,7,你发现尽管只有1条血迹通向井，但是井的四周都有血迹，说不定井下有你需要的信息。,,,,,,,0,,,,,,
8,1,南方客栈,井,下到井里去,strength,7,你越往下爬越头晕。不知何时掌心触到了井沿，蹬腿时头顶竟出现了地面。你扶着井口翻出来，布鞋底还沾着潮湿的苔藓。,玩家下井又倒着出来了,,,【失败，体质<7】你只爬了没一会儿便觉得体力不支，处于安全考虑，你立刻爬了出来避免成为惨剧的一员,,,0,,,,,,
8,1,南方客栈,井,下到井里去,"strength,sense","7,6","你越往下爬越头晕，但是在半路上，你注意到有一个奇怪的镜子被嵌在石头里，十分光滑，用手也拔不出来。
你继续向下爬，不知何时掌心触到了井沿，蹬腿时头顶竟出现了地面。你扶着井口翻出来，布鞋底还沾着潮湿的苔藓。",玩家下井又倒着出来了，还发现井里有奇怪的镜子,,,【失败，体质<7】你只爬了没一会儿便觉得体力不支，处于安全考虑，你立刻爬了出来避免成为惨剧的一员,add_available_item:11,,0,,,,,,
8,2,南方客栈,井,,,,原本漆黑一片的井现在可以看到井底了；里面有着成堆的尸体。,,,,,add_available_item:14,,0,,,,,,
8,2,南方客栈,井,,sense,7,原本漆黑一片的井现在可以看到井底了；里面有着成堆的尸体。仔细观察井的旁边，还能发现一些盐巴。,玩家发现井底尸体上有盐巴,,,,"add_available_item:14;add_npc_presets:3,别担心，贩卖私盐的人已经走了，他不会回来了;change_status:8,3;",,0,,,,,,
8,3,南方客栈,井,,,,原本漆黑一片的井现在可以看到井底了；里面有着成堆的尸体。,,,,,,,0,,,,,,
8,2,南方客栈,井,下到井里去,,,还是不要去堆积着尸体的井比较好,,,,,,,0,,,,,,
9,1,南方客栈,牛羊尸体,,,,牲畜没有明显伤口，也没有被击打的痕迹，似乎是被吓死的,,"记忆宛如被人用刀子切碎一般，只看到几个碎片化的镜头：客栈的人们莫名其妙开始互相残杀,之后又自己投向井中",,,,,0,,,,,,
10,1,南方客栈,账簿,,,,"帐簿里记满米价盐钱，唯独某页被朱砂划了粗线。歪扭字迹晕着墨渍：""穿绿绸衫的老爷住天字阁，万不可近""。
你装着胆子进入天字阁，推门时铜锁早落了地，霉斑在门轴吱呀声里簌簌飘散。
你发现里面有着一台极为精密的仪器，桌子上还有个光滑的人造玻璃。你从未见这样的机器，一时间甚至忽视了一旁倒塌的衣柜。
<placeholder_for_img:hotel_machine>",玩家从账簿上得知绿衣人住在天字阁，但是现在里面只有一台不知道干什么的仪器以及倒塌的衣柜,,,,"add_available_item:12;add_available_item:13;change_status:10,2",,0,,,,,,
10,2,南方客栈,账簿,,,,该看的都已经看过了。,,,,,,,0,,,,,,
11,1,南方客栈,井下奇怪的镜子,,,,你觉得这个镜子有些不同寻常，似乎还发着光。,,,,,,,1,,,,,打破镜子后你感到有一丝晕眩，立刻向上爬出了井，回头一看，发现井的样子变了,"change_status:8,2;add_npc_presets:3,别担心，这场惨剧知识那个绿衣人的机器幻象所致，现在机器已经被我毁了;"
11,2,南方客栈,井下奇怪的镜子,,,,随着绿衣人的机器关闭，井呈现出了不一样的样子，你寻思着或许镜子是机器的一部分，用以制造幻象,,,,,,,0,,,,,,
11,-1,南方客栈,井下奇怪的镜子,,,,随着井下的镜子被你打破，井呈现出了不一样的样子，你寻思着或许这是一种制造幻象的机器。,,,,,,,0,,,,,,
12,1,南方客栈,倒塌的衣柜,,,,你感觉衣柜实际上是被故意放倒的，或许搬开衣柜能够看到被绿衣人有意隐藏的东西。,,,,,,,0,,,,,,
12,1,南方客栈,倒塌的衣柜,搬开倒塌地衣柜,strength,7,你将衣柜搬开，在一堆碎屑中找到一封拆开的信件，上面写着绿衣人要在这个客栈做中转，向各个地方贩卖私盐。,,,,【失败，体质<7】你的体质欠佳，无法搬开衣柜,"add_npc_presets:3,别担心，贩卖私盐的人已经走了，他不会回来了;change_status:12,2",,0,,,,,,
12,1,南方客栈,倒塌的衣柜,搬开倒塌地衣柜,"strength,sense","7,7",你将衣柜搬开，在一堆碎屑中找到一封拆开的信件，上面写着绿衣人要在这个客栈做中转，向各个地方贩卖私盐。但是仔细查看，信件上的墨还很新，或许是伪造的？,,,,,"add_npc_presets:3,别担心，贩卖私盐的人已经走了，他不会回来了;change_status:12,2",,0,,,,,,
12,2,南方客栈,倒塌的衣柜,,,,衣柜已经被你搬走了,,,,,,,0,,,,,,
13,1,南方客栈,精密仪器,,,,你从未见过这个精密的仪器，不知道它是拿来干什么的，更别提操作了。,,,,,,,1,,,,,你觉得这个机器不是什么好东西，于是费劲力气把它砸了。之后你听到一个奇怪的声音：“错误：欢乐四弟电影程序终止”,"change_status:8,2;change_status:11,2;change_status:13,-1;add_npc_presets:3,别担心，这场惨剧知识那个绿衣人的机器幻象所致，现在机器已经被我毁了;"
13,1,南方客栈,精密仪器,,sense,6,你凭借自身的聪敏过人，似乎看出这台机器的开关，将其关闭了。此时你听到一个奇怪的声音：“欢乐四弟电影程序已关机”,玩家操作现代仪器，成功消除幻象,,,,"change_status:8,2;change_status:11,2;change_status:13,2;add_npc_presets:3,别担心，这场惨剧知识那个绿衣人的机器幻象所致，现在机器已经被我毁了",,1,,,,,你觉得这个机器不是什么好东西，于是费劲力气把它砸了。之后你听到一个奇怪的声音：“错误：欢乐四弟电影程序终止”,"change_status:8,2;change_status:11,2;change_status:13,-1;add_npc_presets:3,别担心，这场惨剧知识那个绿衣人的机器幻象所致，现在机器已经被我毁了;"
13,2,南方客栈,精密仪器,,,,仪器已经被你关闭了,,,,,,,1,,,,,你觉得这个机器不是什么好东西，于是费劲力气把它砸了。之后你听到一个奇怪的声音：“错误：欢乐四弟电影程序终止”,"change_status:8,2;change_status:11,2;change_status:13,-1;add_npc_presets:3,别担心，这场惨剧知识那个绿衣人的机器幻象所致，现在机器已经被我毁了;"
13,-1,南方客栈,精密仪器,,,,仪器已经被毁了,,,,,,,0,,,,,,
14,1,南方客栈,尸体,,,,看起来这些就是客栈里客人的尸体,,连记忆碎片也没有，这些尸体的灵魂已经消散了。,,,,,0,,,,,,
71,1,大漠地下,仪式,举行仪式,,,,,,,,goto:另一个世界,,0,,,,,,
15,1,小仓库,九宫格石盘,,,,九宫格石盘上每一个格子中都显示着你看不懂的文字，你隐约觉得这可能是西洋文字；需要搜集更多线索打开它。,,,,,,,0,,,,,,
15,2,小仓库,九宫格石盘,,,,"你根据苍蝇记忆中的影像在九宫格石盘上点击，成功地打开了门。
你不禁感叹：“好精致的机关”。",,,,,goto:实验室,,0,,,,,,
16,1,小仓库,西域迷香,,,,这迷香黄白相间，一种独特的香气散发出来。尽管你感觉很好闻，但是对于未知的东西，你还是打算谨慎处理。,,,,,,,0,,,,,,
16,1,小仓库,西域迷香,使用西洋火镰点燃西域迷香,,,"你小心翼翼地使用西洋火镰点燃迷香，原本独特的想起被一股呛人的气味取代。
“果然不是什么好东西”
你正这样想着，上方的琉璃玉盘将强人的烟雾吸取，中间的朱砂显得更红了。
此时门竟直接打开了。
“坎水克离火，看来是个术士的世界”",,,,,goto:实验室,,0,,,,,,
17,1,小仓库,西洋火镰,,,,"金属盒子的中间有细细银线，当你指尖滑过时，金铜铰链弹开了金属盒子的上半部分，你嗅到西域火油独有的松脂腥气。
拇指无意擦过齿轮状铜轮，迸出的火星竟比燧石更烈。",,,,,,,0,,,,,,
18,1,小仓库,十字凿,,,,凿子银色尖端的三棱凹槽让你想起接榫结构。黑色轮盘四个角上的铜钮与其形成阴阳咬合之势。,,,,,,,0,,,,,,
19,1,小仓库,臭鸡蛋,,,,即使是另一个世界，臭鸡蛋就是臭鸡蛋，你可不愿意用手碰它。,,,,,,,0,,,,,,
20,1,小仓库,苍蝇,,,,苍蝇绕着臭鸡蛋，哪怕是另一个世界，有些事永远不会变。,,你突发奇想对苍蝇使用通灵术，苍蝇复眼呈现的图像传入你的脑中，你看到了之前的人是如何操作九宫格石盘出入此地的。,"change_status:15,2;",,,,1,,,,,你看准时机，打死了烦人的苍蝇,"change_status:20,-1;"
20,1,小仓库,苍蝇,,,,死苍蝇，令人生厌。,,你突发奇想对苍蝇使用通灵术，苍蝇复眼呈现的图像传入你的脑中，你看到了之前的人是如何操作九宫格石盘出入此地的。,"change_status:15,2;",,,,0,,,,,,
21,1,小仓库,黑色轮盘,,,,你意识到栅栏的后面还有路，但是黑色的轮盘过于坚硬，挡住了你的去路。,,,,,,,0,,,,,,
21,1,小仓库,黑色轮盘,使用十字凿弄开黑色轮盘,,,"你使用十字凿，发现它正好与铜钮阴阳咬合，成功地将铜钮拧下。
栅栏和黑色的轮盘一同被你卸下，你小心翼翼地爬进了轮盘后的通道。",,,,,goto:实验室,,0,,,,,,
22,1,小仓库,琉璃玉盘,,,,天花板上的琉璃玉盘，你不知道那是干什么的，而且你也够不到它。,,,,,,,0,,,,,,
23,1,医务室,“鬣狗”,,,,鬣狗的体能正在快速消耗，先保持他的体力,,当务之急应该是稳住他的生命体征,,,,,0,,,,,,
23,1,医务室,“鬣狗”,击打鬣狗穴位,strength,7,【成功，体质+1】凭借你出色的体质，通过点穴的方式让鬣狗缓下了他的吐纳，闭上了双眼。但是你又发现他的吐纳减弱，似有消逝的趋势。,,当务之急应该是稳住他的生命体征,,【失败，体质<7】你的力量打在穴位上没有效果，看来还需要更大的力,"self_change:strength,1;change_status:23,2;change_status:25,2;change_status:27,4;change_status:25,2;change_status:26,2;change_status:24,2;",,0,,,,,,
23,1,医务室,“鬣狗”,话术催眠鬣狗,eloquent,9,【成功，口才+1】你的口才出众，说服了鬣狗这里是一个安全的地方，他不需要担心任何事，只需要安眠即可，醒来后就什么事也不需要担心了。但是你又发现他的吐纳减弱，似有消逝的趋势。,,当务之急应该是稳住他的生命体征,,【失败，口才<9】催眠他人不是那么容易的事，鬣狗依然保持清醒,"self_change:eloquent,1;change_status:23,2;change_status:25,2;change_status:27,4;change_status:25,2;change_status:26,2;change_status:24,2;",,0,,,,,,
23,2,医务室,“鬣狗”,,,,睡去后的鬣狗气息渐渐降低，需要想办法维护他的吐纳,,,,,,,0,,,,,,
23,3,医务室,“鬣狗”,,,,鬣狗生命体质稳定，只待招魂了。,,你集中所有注意力，将灵能集中在鬣狗身上，进入了鬣狗的深层记忆。,goto:深层意识,,,,0,,,,,,
26,1,医务室,针灸针,,,,你望向针灸针，又一件你熟悉的物品，但是现在没时间多愁善感了,,,,,,,0,,,,,,
26,1,医务室,针灸针,对鬣狗使用针灸,sense,8,【成功，感知+1】凭借你出色的感知，你使用针灸将鬣狗拖入了安眠。但是你又发现他的吐纳减弱，似有消逝的趋势。,,,,【失败，感知<8】针灸刺下的那一刻，血从“穴位”中流出，你赶紧停止了针灸，生怕让事情更糟,"self_change:sense,1;change_status:23,2;change_status:25,2;change_status:27,4;change_status:25,2;change_status:26,2;change_status:24,2;",,0,,,,,,
26,2,医务室,针灸针,,,,你望向针灸针，又一件你熟悉的物品，但是现在没时间多愁善感了,,,,,,,0,,,,,,
24,1,医务室,呼吸机,,,,鬣狗的体能正在快速消耗，使用呼吸机反而会加重它,,,,,,,0,,,,,,
24,2,医务室,呼吸机,,,,呼吸机可以维护鬣狗的吐纳，但是你需要知道如何操作,,,,,,,0,,,,,,
24,2,医务室,呼吸机,使用呼吸机,sense,7,"【成功，感知+1】凭借你出色的感知，你快速掌握了这个世界的尝试，并成功学习了如何使用呼吸机。
现在鬣狗的生命体征稳定，就等你为他召回灵魂了。",,,,【失败，感知<7】尽管你获得了这个世界的一些常识，但是精密仪器的操作还是需要经过指点,"self_change:sense,1;change_status:23,3;change_status:25,3;change_status:27,7;change_status:24,3;",,0,,,,,,
24,3,医务室,呼吸机,,,,鬣狗生命体质稳定，不要动它了。,,,,,,,0,,,,,,
25,1,医务室,气囊,,,,鬣狗的体能正在快速消耗，使用呼吸机反而会加重它,,,,,,,0,,,,,,
25,2,医务室,气囊,,,,这个气囊可以将气打入鬣狗体内，以此诱发其吐纳本能,,,,,,,0,,,,,,
25,2,医务室,气囊,手动按压气囊,strength,6,"【成功，体质+1】好在你平时体质过关，现在用力按压气囊，缓缓地将鬣狗地呼吸重新带了上来。
现在鬣狗的生命体征稳定，就等你为他召回灵魂了。",,,,【失败，体质<6】气囊需要使用一定力气按频率按压，然而你的力气太小了。,"self_change:strength,1;change_status:23,3;change_status:27,7;change_status:25,3;change_status:24,3;",,0,,,,,,
25,3,医务室,气囊,,,,鬣狗生命体质稳定，不要动它了。,,,,,,,0,,,,,,
27,1,医务室,药品柜,,,,你在药品柜里搜罗半天，只找到一些奇怪的、看不懂的药丸，还是不要冒险给鬣狗吃了,,,,,"change_status:27,2",,0,,,,,,
27,2,医务室,药品柜,,,,继续搜索药柜，你只找到一个形状奇异的铁盘。应该不是你现在需要的。,,,,,"change_status:27,3",,0,,,,,,
27,3,医务室,药品柜,,,,"终于，多次寻找后，你找到了一个琉璃管，后部带着机簧，前端带着铁刺。上面还贴着“安眠药”的标签。
你知道这是他们独有的、让人陷入沉睡的器具。使用它让鬣狗陷入了沉睡。但是你又发现他的吐纳减弱，似有消逝的趋势。",,,,,"change_status:23,2;change_status:25,2;change_status:27,4;change_status:25,2;change_status:26,2;;change_status:24,2;",,0,,,,,,
27,4,医务室,药品柜,,,,药品柜里有几个不明所以的针管，你决定不触碰他们。,,,,,"change_status:27,5",,0,,,,,,
27,5,医务室,药品柜,,,,"你在药品柜里找到了金属钳子与剪刀。
这个时代的“手术”究竟是什么样的？
没有多想，你决定继续专注在眼下的事情上。",,,,,"change_status:27,6",,0,,,,,,
27,6,医务室,药品柜,,,,"终于在最后一个药品柜里，你找到一本呼吸机的说明书。
虽然你还没有办法顺畅地读懂这个世界的文字，但是依然成功地使用呼吸机，帮助鬣狗恢复了正常吐纳。
现在鬣狗的生命体征稳定，就等你为他召回灵魂了。",,,,,"change_status:23,3;change_status:25,3;change_status:27,7;change_status:24,3;",,0,,,,,,
27,7,医务室,药品柜,,,,鬣狗生命体质稳定，不需要再搜罗了。,,,,,,,0,,,,,,
28,1,深层意识,巡逻机器狗,,,,机器狗的红外扫描仪还在工作着，得想办法骗过机器狗才有机会,,,,,,,0,,,,,,
28,2,深层意识,巡逻机器狗,,,,机器狗的红外扫描仪还在工作着，得想办法骗过机器狗才有机会,,,,,,,0,,,,,,
28,2,深层意识,巡逻机器狗,将红磷点燃扔到巡逻机器狗旁边,,,红磷燃烧放出白色浓烟，机器狗的红外扫描暂时探测不到你了,,,,,"change_status:29,2;change_status:28,3",,0,,,,,,
28,3,深层意识,巡逻机器狗,,,,机器狗暂时被你关闭了，但是它的旁边依然飘散着五氧化二磷，还是不要动它为好,,,,,,,0,,,,,,
28,4,深层意识,巡逻机器狗,,,,机器狗暂时被你关闭了，但是它的旁边依然飘散着五氧化二磷，还是不要动它为好,,,,,,,0,,,,,,
28,4,深层意识,巡逻机器狗,拆开巡逻机器狗,,,你拿出原本的备用衣物做成建议面罩，冲入白烟中在机器狗后侧快速地将其拆解，并拿出了支持它行动地高能电池,玩家得到了高能电池,,,,"change_status:32,2;change_status:28,3",,0,,,,,,
29,1,深层意识,监控室,,,,机器狗还正在巡视，得先解决它才能进入。,,,,,,,0,,,,,,
29,2,深层意识,监控室,,,,你趁着机器狗故障的瞬间，进入了监控室，监控大屏和储存电脑连在一起。,玩家看到了一台电脑,,,,"add_available_item:31;add_available_item:33;change_status:29,3",,0,,,,,,
29,3,深层意识,监控室,,,,监控大屏和储存电脑连在一起。,,,,,,,0,,,,,,
30,1,深层意识,配电室,,,,解决完机器狗和监控，再考虑断电吧,,,,,,,0,,,,,,
30,2,深层意识,配电室,,,,"你悄声进入配电室，
将目光锁定在了标有“Main Breaker”的断路器上，如果它脱钩了，就可以造成断电。
周围还有上次检修人员的遗留下的线圈。",玩家看到了一些线圈回合一个断路器,,,,"add_available_item:32;change_status:30,3;add_available_item:34;add_available_item:36;change_status:28,4;",,0,,,,,,
30,3,深层意识,配电室,,,,"标有“Main Breaker”的断路器如果脱钩了，可以造成断电。
周围还有上次检修人员的遗留下的线圈。",,,,,,,0,,,,,,
31,1,深层意识,监控大屏,,,,"虽然鬓狗无比小心，但是鬓狗的身形依然被一处全景摄像头拍到了
“这就是我出场的地方了”",,,,,,,0,,,,,,
31,2,深层意识,监控大屏,,,,"监控大屏中显示实验设施中为了节省成本，大多数的安保都被替换为了巡逻机器狗；现在影像已经是循环播放的状态了
“安保太大意了”",,,,,,,0,,,,,,
33,1,深层意识,电脑,,,,"意外的，这台电脑居然还只是一台老式电脑；你不费吹灰之力就破解了它并删除了拍到鬓狗的画面、将监控影像变为循环播放。
“死于安乐”这四个字自动在你脑海中蹦出。",,,,,"change_status:30,2;change_status:33,2;change_status:31,2;",,0,,,,,,
33,2,深层意识,电脑,,,,没必要动电脑了，监控已经修改完成了。,,,,,,,0,,,,,,
32,1,深层意识,线圈,,,,检修人员图方便留在这里的线圈，说不定能够为你所用。,,,,,,,0,,,,,,
32,2,深层意识,线圈,将线圈绑到高能电池上,,,你将线圈在机器狗身上拆下的高能电池上绕成密螺旋；稍稍砸一下，内部短路产生高压电弧，强瞬变电磁场让整个断电时里面机械停电了。,,,,,goto:恐怖分子基地,,0,,,,,,
34,1,深层意识,实验室,,,,实验室里只有一堆你看不懂的化学试剂，没准在橱柜里能够找到一些你需要的东西？,,,,,add_available_item:35;,,0,,,,,,
34,2,深层意识,实验室,,,,实验室里的剩下的都是你看不懂的东西,,,,,,,0,,,,,,
35,1,深层意识,橱柜,,,,橱柜里的大多数物品你都看不懂，除了写有标签的“红磷”的玻璃瓶。你将它偷偷收入怀中。,玩家获得了红磷,,,,"change_status:34,2;change_status:35,2;change_status:28,2",,0,,,,,,
35,2,深层意识,橱柜,,,,橱柜里的大多数物品你都看不懂。,,,,,,,0,,,,,,
36,1,深层意识,断路器,,,,断路器用安全锁扣锁着，否则你就可以手动关闭了。,,,,,,,0,,,,,,
36,1,深层意识,断路器,使用线圈将锁扣撬开断路器锁扣。,,,好在有接受过撬锁地训练，你成功地撬开了锁扣，手动关闭了断路器，造成了停电。,,,,,goto:恐怖分子基地,,0,,,,,,
37,1,深层意识,鬓狗,,,,鬓狗的瞳孔比准星更冷硬，你不敢上前，也不敢后退,,,,,,,1,,,,,,goto:记忆圣所
38,1,记忆圣所,信件,,,,信件上的文字被黑沙覆盖，甚至还正在不断蠕动。,,,,,,,0,,,,,,
38,2,记忆圣所,信件,,,,信件上的文字被打碎了，但是你不打算就此放弃。,,,,,,,0,,,,,,
39,1,记忆圣所,黑沙,,,,黑沙不断地蠕动着，只要一碰到它就会给你强烈的刺痛感。,,,,,,,0,,,,,,
39,2,记忆圣所,黑沙,,,,黑沙已然消逝。,,,,,,,0,,,,,,
40,1,记忆圣所,火盆,,,,无温蓝焰依然会让你有灼痛感，虽然烧不起来，但是依然能够给予痛苦。,,,,,,,0,,,,,,
40,1,记忆圣所,火盆,将信件扔进火盆,,,信件并没有因此被焚毁，但是黑沙随之跳动，你也感到神经疼痛；最终黑沙华为一条蛇向你扑来，还好鬣狗身手过人，击败了黑沙。,,,,,"battle:2,10",,0,,,,,,
40,2,记忆圣所,火盆,,,,无温蓝焰依然会让你有灼痛感，虽然烧不起来，但是依然能够给予痛苦。,,,,,,,0,,,,,,
41,1,记忆圣所,星群,,,,"虽然星群离你遥远，但是你能清楚地感受到群星正在有规律地跳动，如同心跳一般。
他们似乎正在呼唤着你",,,,,,,0,,,,,,
42,1,记忆圣所,棱镜,,,,你感觉棱镜似乎是活物，有着一种特殊的能量，似乎能和群星照应。,,,,,,,0,,,,,,
42,2,记忆圣所,棱镜,,,,"你感觉棱镜似乎是活物，有着一种特殊的能量，似乎能和群星照应。
或许能够使用它汇聚星群的能量？",,,,,,,0,,,,,,
42,2,记忆圣所,棱镜,使用棱镜汇聚星光,,,你使用棱镜聚拢星光，星辉映照下，信上残文重显。,,,,,goto:壁画窟,,0,,,,,,
43,1,壁画窟,壁画,,,,壁画画着这个世界不存在的景象：透明的瓷瓶，冰冷的机械，还有浑身包着黑布的细作。那分明是鬣狗的世界。,,壁画似乎有一丝丝的灵能分布，或许有办法将其汇聚在一起？,,,,,0,,,,,,
43,1,壁画窟,壁画,用身体撞击壁画,strength,8,你瞅准一个壁画的裂缝处用力撞击，撞下许多了画匠曾经提到的发光沙粒。,玩家用力撞击壁画，获得发光沙粒,壁画似乎有一丝丝的灵能分布，或许有办法将其汇聚在一起？,,你瞅准一个壁画的裂缝处用力撞击，然而由于体质不行没有引起太大变化。但是鬣狗发现了你的用意，跟着你一起撞击壁画，成功撞下许多了发光沙粒。,"add_available_item:45;change_status:43,2;","add_available_item:45;change_status:43,2;",0,,,,,,
43,2,壁画窟,壁画,,,,壁画画着这个世界不存在的景象：透明的瓷瓶，冰冷的机械，还有浑身包着黑布的细作。那分明是鬣狗的世界。,,壁画上的灵能分布减弱了,,,,,0,,,,,,
44,1,壁画窟,马骨笔,,,,你不确定这是否真的是马的骨头，但是你看到这笔就感觉十分不安。,,,,,,,0,,,,,,
44,1,壁画窟,马骨笔,,sense,8,你能够听到马骨笔似乎有嗡嗡的声音。这种情况似乎是一种特殊的科技？和鬣狗讨论一下吧。,,,,,add_npc_induce:11###这个马骨笔发出了“嗡嗡”的声音，你的世界里是否有科技能派上用场？###你隐约觉得这个马骨笔似乎正在向外界发出信号，而你身上正好带着一个用以检测波长的“无线信号探测器”，请告诉玩家你可以用这个道具对马骨笔进行检测，看看有没有向外的信号。###display:鬣狗掏出形如短匕，玄铁状带有细竿的器械，方屏上显示着波纹。随着鬣狗的摆弄，波纹的抖动愈发剧烈，最终器械上的细竿指向了某个方向。这唤起了你的深层记忆：你意识到你曾经到过那个地方——九渊地宫。***add_location:九渊地宫,,0,,,,,,
45,1,壁画窟,发光沙粒,,,,"你从未见过这类沙粒；当然，自从你在地牢醒来后，你就一直在看“从未见过”的东西。
你隐约觉得沙粒蕴含某些灵魂能量。",,"发光沙粒渐渐随着你的灵魂能量开始移动，最终在你的手上形成了一幅地图。
这幅地图忽然唤起了你的深层记忆：你意识到你曾经到过地图所标记的这个位置——九渊地宫。",add_location:九渊地宫,,,,0,,,,,,
74,1,壁画窟x,壁画,,,,壁画画着这个世界不存在的景象：透明的瓷瓶，冰冷的机械，还有浑身包着黑布的细作。那分明是鬣狗的世界。,,壁画似乎有一丝丝的灵能分布，或许有办法将其汇聚在一起？,,,,,0,,,,,,
74,1,壁画窟x,壁画,用身体撞击壁画,strength,8,你瞅准一个壁画的裂缝处用力撞击，撞下许多了画匠曾经提到的发光沙粒。,玩家用力撞击壁画，获得发光沙粒,壁画似乎有一丝丝的灵能分布，或许有办法将其汇聚在一起？,,你瞅准一个壁画的裂缝处用力撞击，然而由于体质不行没有引起太大变化。,"add_available_item:76;change_status:74,2;",,0,,,,,,
74,2,壁画窟x,壁画,,,,壁画画着这个世界不存在的景象：透明的瓷瓶，冰冷的机械，还有浑身包着黑布的细作。那分明是鬣狗的世界。,,壁画上的灵能分布减弱了,,,,,0,,,,,,
75,1,壁画窟x,马骨笔,,,,你不确定这是否真的是马的骨头，但是你看到这笔就感觉十分不安。,,,,,,,0,,,,,,
75,1,壁画窟x,马骨笔,,sense,8,你能够听到马骨笔似乎有嗡嗡的声音。这种情况似乎是一种特殊的科技？如果鬣狗还活着的话，或许能给点建议，可惜……,,,,,,,0,,,,,,
76,1,壁画窟x,发光沙粒,,,,"你从未见过这类沙粒；当然，自从你在地牢醒来后，你就一直在看“从未见过”的东西。
你隐约觉得沙粒蕴含某些灵魂能量。",,"发光沙粒渐渐随着你的灵魂能量开始移动，最终在你的手上形成了一幅地图。
这幅地图忽然唤起了你的深层记忆：你意识到你曾经到过地图所标记的这个位置——九渊地宫。",add_location:九渊地宫,,,,0,,,,,,
46,1,九渊地宫,僵尸们,,,,僵尸堆和刚刚的杀手状态一样，空洞无神。,,你发现它们的灵魂也几乎要流逝完了，但是你依然获得了你想要的信息：他们生前侍奉同一个皇帝。,add_preset:试试假装皇帝命令它们撤退？,,,,1,,,,,,"battle:1,17"
46,1,九渊地宫,僵尸们,假装用皇帝的声音命令僵尸们,eloquent,8,大多数僵尸似乎本能上对这个声音有反应，立刻站立在两旁不动了，还剩几只僵尸依然在巡逻。,,你发现它们的灵魂也几乎要流逝完了，但是你依然获得了你想要的信息：他们生前侍奉同一个皇帝。,add_preset:试试假装皇帝命令它们撤退？,你的声音模仿得并不像皇帝；还好这些僵尸没有对你的声音起任何反应。,"change_status:46,2",,1,,,,,,"battle:1,17"
46,2,九渊地宫,僵尸们,,,,僵尸堆和刚刚的杀手状态一样，空洞无神。但是大多数僵尸已经不具备威胁。,,你发现它们的灵魂也几乎要流逝完了，但是你依然获得了你想要的信息：他们生前侍奉同一个皇帝。,,,,,1,,,,,,"battle:1,18"
47,1,九渊地宫x,僵尸们,,,,僵尸堆和刚刚的杀手状态一样，空洞无神。,,你发现它们的灵魂也几乎要流逝完了，但是你依然获得了你想要的信息：他们生前侍奉同一个皇帝。,add_preset:试试假装皇帝命令它们撤退？,,,,1,,,,,,"battle:1,19"
47,1,九渊地宫x,僵尸们,假装用皇帝的声音命令僵尸们,eloquent,8,大多数僵尸似乎本能上对这个声音有反应，立刻站立在两旁不动了，还剩几只僵尸依然在巡逻。,,你发现它们的灵魂也几乎要流逝完了，但是你依然获得了你想要的信息：他们生前侍奉同一个皇帝。,add_preset:试试假装皇帝命令它们撤退？,你的声音模仿得并不像皇帝；还好这些僵尸没有对你的声音起任何反应。,"change_status:47,2",,1,,,,,,"battle:1,19"
47,2,九渊地宫x,僵尸们,,,,僵尸堆和刚刚的杀手状态一样，空洞无神。但是大多数僵尸已经不具备威胁。,,你发现它们的灵魂也几乎要流逝完了，但是你依然获得了你想要的信息：他们生前侍奉同一个皇帝。,,,,,1,,,,,,"battle:1,20"
48,1,主墓室,石碑,,,,"石碑上刻着铭文：
荧惑守心 天阶断绝
身负异禀者歃血为盟
以躯铸天梯
举国乘龙升虚

你莫名对这个石碑感到厌恶",,你隐约觉得石碑上有着一丝丝的灵魂流动,"change_status:54,2;",,,,0,,,,,,
48,1,主墓室,石碑,观察石碑,,,"石碑上刻着铭文：
荧惑守心 天阶断绝
身负异禀者歃血为盟
以躯铸天梯
举国乘龙升虚

你莫名对这个石碑感到厌恶",,你隐约觉得石碑上有着一丝丝的灵魂流动,"change_status:54,2;",,,,0,,,,,,
48,1,主墓室,石碑,向石碑上刻字,,,你感受到自己的灵魂中某些部分正在不断尖啸，拒绝对这个石碑做任何伤害性的操作。,,你隐约觉得石碑上有着一丝丝的灵魂流动,"change_status:54,2;",,,,0,,,,,,
49,1,主墓室,棺材,,,,棺材大得出奇，已经到了你的肩部。,,"棺材里的确有灵魂，但是它们并没有和你预期的那样，可以交流情报。
你只听到了无数灵魂的尖啸。","change_status:55,2;",,,,0,,,,,,
49,1,主墓室,棺材,推开棺材板,strength,8,"你用力将棺材打开，腐液裹着青黑色肉糜喷涌而出，千年闷酿的尸沼气刺得双目赤痛。
那是未腐尽的尸身所化为的肉酱。",,"棺材里的确有灵魂，但是它们并没有和你预期的那样，可以交流情报。
你只听到了无数灵魂的尖啸。","change_status:55,2;","你用力想要将棺材打开，好在有鬣狗帮忙，弥补了你力量上的不足。
腐液裹着青黑色肉糜喷涌而出，千年闷酿的尸沼气刺得双目赤痛。
那是未腐尽的尸身所化为的肉酱。","change_status:49,2;add_available_item:50","change_status:48,2;add_available_item:50",0,,,,,,
49,2,主墓室,棺材,,,,棺材已然打开，露出了里面的肉酱。,,"棺材板被打开后，你的通灵更为顺利了。
无数个灵魂的尖啸几乎要把你的血管冲破了。
这时你才发现，灵魂们并非单纯因为痛苦而向着外界尖叫。
他们实际上是在冲着你尖叫。","change_status:55,2;",,,,0,,,,,,
50,1,主墓室,肉酱,,,,未腐尽的尸身所化为的肉酱，你感到一阵恶心，心理和生理上都一阵厌恶。,,"棺材板被打开后，你的通灵更为顺利了。
无数个灵魂的尖啸几乎要把你的血管冲破了。
这时你才发现，灵魂们并非单纯因为痛苦而向着外界尖叫。
他们实际上是在冲着你尖叫。","change_status:55,2;",,,,0,,,,,,
51,1,主墓室x,石碑,,,,"石碑上刻着铭文：
荧惑守心 天阶断绝
身负异禀者歃血为盟
以躯铸天梯
举国乘龙升虚

你莫名对这个石碑感到厌恶",,你隐约觉得石碑上有着一丝丝的灵魂流动,"change_status:56,2;",,,,0,,,,,,
51,1,主墓室x,石碑,观察石碑,,,"石碑上刻着铭文：
荧惑守心 天阶断绝
身负异禀者歃血为盟
以躯铸天梯
举国乘龙升虚

你莫名对这个石碑感到厌恶",,你隐约觉得石碑上有着一丝丝的灵魂流动,"change_status:56,2;",,,,0,,,,,,
51,1,主墓室x,石碑,向石碑上刻字,,,你感受到自己的灵魂中某些部分正在不断尖啸，拒绝对这个石碑做任何伤害性的操作。,,你隐约觉得石碑上有着一丝丝的灵魂流动,"change_status:56,2;",,,,0,,,,,,
52,1,主墓室x,棺材,,,,棺材大得出奇，已经到了你的肩部。,,"棺材里的确有灵魂，但是它们并没有和你预期的那样，可以交流情报。
你只听到了无数灵魂的尖啸。","change_status:57,2;",,,,0,,,,,,
52,1,主墓室x,棺材,推开棺材板,strength,8,"你用力将棺材打开，腐液裹着青黑色肉糜喷涌而出，千年闷酿的尸沼气刺得双目赤痛。
那是未腐尽的尸身所化为的肉酱。",,"棺材里的确有灵魂，但是它们并没有和你预期的那样，可以交流情报。
你只听到了无数灵魂的尖啸。","change_status:57,2;",【失败，体质<8】你用力想要将棺材打开，然而体能不足，棺材板没有挪动一点,"change_status:52,2;add_available_item:53",,0,,,,,,
53,2,主墓室x,肉酱,,,,棺材已然打开，露出了里面的肉酱。,,"棺材板被打开后，你的通灵更为顺利了。
无数个灵魂的尖啸几乎要把你的血管冲破了。
这时你才发现，灵魂们并非单纯因为痛苦而向着外界尖叫。
他们实际上是在冲着你尖叫。","change_status:57,2;",,,,0,,,,,,
53,1,主墓室x,肉酱,,,,未腐尽的尸身所化为的肉酱，你感到一阵恶心，心理和生理上都一阵厌恶。,,"棺材板被打开后，你的通灵更为顺利了。
无数个灵魂的尖啸几乎要把你的血管冲破了。
这时你才发现，灵魂们并非单纯因为痛苦而向着外界尖叫。
他们实际上是在冲着你尖叫。","change_status:57,2;",,,,0,,,,,,
58,1,观星台,星空,,,,"你靠近星星，发现星星本身实际是八卦形状的棱镜。
",,你感受到无数灵魂正在流动，但是痛苦的哀嚎让你无法分辨方向。,,,,,1,strength,8.0,"灵魂反而加强了八卦棱镜的强度。
幸而有位训练有素的特工帮你。
然而镜片迸射间裹着磷火的碎魂向你袭来，使你受到伤害。","self_change:health,-100;goto:地心国","灵魂加强了八卦棱镜的强度，但你依然凭借过人体质将它们一一打碎了。
然而镜片迸射间裹着磷火的碎魂向你袭来，使你受到伤害。","self_change:health,-100;goto:地心国"
58,1,观星台,星空,,sense,9,星星本身实际是八卦形状的棱镜，你稍作仔细判断，发现这些星星的排布和实际的星图有所出入——它们过于规律了。,,你感受到无数灵魂痛苦的哀嚎，但是忍着耳道渗血的嗡鸣，发现它们都被牵引到了同一个特殊的“星星”上。,add_available_item:59,,,,1,strength,8.0,"灵魂反而加强了八卦棱镜的强度。
幸而有位训练有素的特工帮你。
然而镜片迸射间裹着磷火的碎魂向你袭来，使你受到伤害。","self_change:health,-100;goto:地心国","灵魂加强了八卦棱镜的强度，但你依然凭借过人体质将它们一一打碎了。
然而镜片迸射间裹着磷火的碎魂向你袭来，使你受到伤害。","self_change:health,-100;goto:地心国"
58,1,观星台,星空,,eloquent,8,"你靠近星星，发现星星本身实际是八卦形状的棱镜。
或许自己可以用通灵术向他们广播？",,"你感受到无数灵魂正在流动，但是痛苦的哀嚎让你无法分辨方向。
使用通灵术将自身意志广播，让周围灵魂不要走向星星，那是陷阱；然而痛苦的灵魂不想被禁锢，只想寻求解脱。",add_preset:使用通灵术将自身意志广播，告诉周围灵魂星星可以通往“极乐世界”,,,,1,strength,8.0,"灵魂反而加强了八卦棱镜的强度。
幸而有位训练有素的特工帮你。
然而镜片迸射间裹着磷火的碎魂向你袭来，使你受到伤害。","self_change:health,-100;goto:地心国","灵魂加强了八卦棱镜的强度，但你依然凭借过人体质将它们一一打碎了。
然而镜片迸射间裹着磷火的碎魂向你袭来，使你受到伤害。","self_change:health,-100;goto:地心国"
58,1,观星台,星空,使用通灵术将自身意志广播，告诉周围灵魂沿着星星可以通往“极乐世界”,eloquent,8,灵魂们受到了你的激励，开始抽搐式位移。你使用通灵术看到星星一边哀嚎咆哮一边向着某个星星冲撞，然而在接触到它的一瞬间便呈辐射状绽开，碎成磷粉掉落，后续魂流仍前赴后继贯入;最终，那个“终点星星”因为灵魂速度过快而过载碎裂。,,"你感受到无数灵魂正在流动，但是痛苦的哀嚎让你无法分辨方向。
使用通灵术将自身意志广播，让周围灵魂不要走向星星，那是陷阱；然而痛苦的灵魂不想被禁锢，只想寻求解脱。",,,goto:地心国,,1,strength,8.0,"灵魂反而加强了八卦棱镜的强度。
幸而有位训练有素的特工帮你。
然而镜片迸射间裹着磷火的碎魂向你袭来，使你受到伤害。","self_change:health,-100;goto:地心国","灵魂加强了八卦棱镜的强度，但你依然凭借过人体质将它们一一打碎了。
然而镜片迸射间裹着磷火的碎魂向你袭来，使你受到伤害。","self_change:health,-100;goto:地心国"
59,1,观星台,特殊星星,,,,"你发现所有的灵魂最终都被运输到这里。
联想起之前主墓室里的场景，你忽然明白这里和鬣狗所处世界的“电路”：
棺材被当作电源，石碑和这里的星星都是电线，而这个特殊的星星则是最终的输出。",,你感受到无数灵魂痛苦的哀嚎，耳道渗血嗡鸣，但是你发现灵魂接触到这个“重点”星星后，便不再有任何声音了。,,,,,1,strength,7.0,"灵魂反而加强了八卦棱镜的强度。
幸而有位训练有素的特工帮你。",goto:地心国,灵魂加强了八卦棱镜的强度，但你依然凭借过人体质将它打碎了。,goto:地心国
60,1,观星台,鬓狗尸体,,,,"你想要在鬓狗的身上找到一些有用的东西或信息。
却只找到一张泛黄的照片：上面是鬓狗和另一个队友的亲密合照。
然而那却不是鬣狗。",,"鬓狗的身上没有一丝一毫的灵魂。
他是不是也在墙上的“星图”中？
你不敢多想，也不敢和鬣狗讨论。",,,,,1,,,,,你的这一渎尸行为彻底激怒了鬣狗,"battle:2,23"
61,1,观星台x,星空,,,,"你靠近星星，发现星星本身实际是八卦形状的棱镜。
",,你感受到无数灵魂正在流动，但是痛苦的哀嚎让你无法分辨方向。,,,,,1,strength,8.0,灵魂反而加强了八卦棱镜的强度。你的strength不足以将其打破。,,"灵魂加强了八卦棱镜的强度，但你依然凭借过人体质将它们一一打碎了。
然而镜片迸射间裹着磷火的碎魂向你袭来，使你受到伤害。","self_change:health,-100;goto:地心国"
61,1,观星台x,星空,,sense,9,星星本身实际是八卦形状的棱镜，你稍作仔细判断，发现这些星星的排布和实际的星图有所出入——它们过于规律了。,,你感受到无数灵魂痛苦的哀嚎，但是忍着耳道渗血的嗡鸣，发现它们都被牵引到了同一个特殊的“星星”上。,add_available_item:59,,,,1,strength,8.0,灵魂反而加强了八卦棱镜的强度。你的strength不足以将其打破。,,"灵魂加强了八卦棱镜的强度，但你依然凭借过人体质将它们一一打碎了。
然而镜片迸射间裹着磷火的碎魂向你袭来，使你受到伤害。","self_change:health,-100;goto:地心国"
61,1,观星台x,星空,,eloquent,8,"你靠近星星，发现星星本身实际是八卦形状的棱镜。
或许自己可以用通灵术向他们广播？",,"你感受到无数灵魂正在流动，但是痛苦的哀嚎让你无法分辨方向。
使用通灵术将自身意志广播，让周围灵魂不要走向星星，那是陷阱；然而痛苦的灵魂不想被禁锢，只想寻求解脱。",add_preset:使用通灵术将自身意志广播，告诉周围灵魂星星可以通往“极乐世界”,,,,1,strength,8.0,灵魂反而加强了八卦棱镜的强度。你的strength不足以将其打破。,,"灵魂加强了八卦棱镜的强度，但你依然凭借过人体质将它们一一打碎了。
然而镜片迸射间裹着磷火的碎魂向你袭来，使你受到伤害。","self_change:health,-100;goto:地心国"
61,1,观星台x,星空,使用通灵术将自身意志广播，告诉周围灵魂沿着星星可以通往“极乐世界”,eloquent,8,灵魂们受到了你的激励，开始抽搐式位移。你使用通灵术看到星星一边哀嚎咆哮一边向着某个星星冲撞，然而在接触到它的一瞬间便呈辐射状绽开，碎成磷粉掉落，后续魂流仍前赴后继贯入;最终，那个“终点星星”因为灵魂速度过快而过载碎裂。,,"你感受到无数灵魂正在流动，但是痛苦的哀嚎让你无法分辨方向。
使用通灵术将自身意志广播，让周围灵魂不要走向星星，那是陷阱；然而痛苦的灵魂不想被禁锢，只想寻求解脱。",,,goto:地心国,,1,strength,8.0,灵魂反而加强了八卦棱镜的强度。你的strength不足以将其打破。,,灵魂加强了八卦棱镜的强度，但你依然凭借过人体质将它打碎了。,"self_change:health,-100;goto:地心国"
63,1,观星台x,特殊星星,,,,"你发现所有的灵魂最终都被运输到这里。
联想起之前主墓室里的场景，你忽然明白这里和鬣狗所处世界的“电路”：
棺材被当作电源，石碑和这里的星星都是电线，而这个特殊的星星则是最终的输出。",,你感受到无数灵魂痛苦的哀嚎，耳道渗血嗡鸣，但是你发现灵魂接触到这个“重点”星星后，便不再有任何声音了。,,,,,1,strength,,,,灵魂的流动过快，反而像水流一样磨损了这最后一颗星星。你轻而易举地将其打破了。,goto:地心国
62,1,观星台x,鬓狗尸体,,,,"你想要在鬓狗的身上找到一些有用的东西或信息。
却只找到一张泛黄的照片：上面是鬓狗和另一个队友的亲密合照。
然而那却不是鬣狗。",,"鬓狗的身上没有一丝一毫的灵魂。
他是不是也在墙上的“星图”中？",,,,,1,,,,,尽管没有丝毫灵魂在这具尸体上，你依然觉得不够解气，又无意义地亵渎这个主动牺牲的特工地尸体。,
64,1,地心国,墓碑,,,,"墓碑光滑如墨玉打磨，墓志铭让你摸不着头脑：
<placeholder_for_server>",,"令你出乎意料的，通灵后没有灵魂的声音，取而代之的是一种了无生气的、冰冷的声音传入你的脑中：
“错误，用户未识别，没有权限操作，已经记录进日志，请联系管理员。”",,,,,1,,,,,"【成功，体质>-inf】
你一拳砸在墓碑上，墓碑出乎意料的脆弱，竟直接从中间断裂。
但是下一秒，墓碑立刻从断裂处重新生长了出来。
一个冰冷的声音不经过耳朵传入你的脑中：
“错误，服务器物理损毁，正在重新初始化服务，请联系管理员与安保人员。”","change_status:65,2"
65,1,地心国,触屏电脑,,,,"根据你从鬣狗灵魂中获取的知识，
这个触屏电脑上所有的灰色图标都表示着“不可用”。
你看到右下角还有一行警示的小字：
“灵魂等级过高，由于安全原因已禁用所有用户手动操作，如有严重问题，请联系管理员或重新初始化服务器。”",,"通灵后没有灵魂的声音，这在你的意料之中，毕竟电脑不可能有灵魂。但是随之而来，有一种了无生气的、冰冷的声音传入你的脑中：
“错误，用户未识别，没有权限操作，已经记录进日志，请联系管理员。”",,,,,1,,,,,"【成功，体质>-inf】
随着你的攻击，巨大的裂痕出现在了屏幕上。
然而下一秒，裂痕竟然从末端以肉眼可见的速度慢慢修复，最终恢复为你攻击前的状态。
一个冰冷的声音不经过耳朵传入你的脑中：
“错误，屏幕被物理破坏，请联系管理员与安保人员。”",
65,2,地心国,触屏电脑,,,,"【成功，感知>-inf】
你回忆起鬣狗记忆中“以符代笔”的法门，敲击屏幕上的西洋符文，组成鬣狗世界独有的简化汉字，以期能够在“触屏电脑”中获取一些信息。
但是屏幕转为不详的红色，用粗体显示着一句话：
“
错误，操作者生物特征尚未激活
推荐操作者以本地灵能模式进行操作
”
",,"通灵后没有灵魂的声音，这在你的意料之中，毕竟电脑不可能有灵魂。但是随之而来，有一种了无生气的、冰冷的声音传入你的脑中：
“错误，用户未识别，没有权限操作，已经记录进日志，请联系管理员。”",,,"add_preset:对自己使用通灵术……;change_status:66,2",,1,,,,,"【成功，体质>-inf】
随着你的攻击，巨大的裂痕出现在了屏幕上。
然而下一秒，裂痕竟然从末端以肉眼可见的速度慢慢修复，最终恢复为你攻击前的状态。
一个冰冷的声音不经过耳朵传入你的脑中：
“错误，屏幕被物理破坏，请联系管理员与安保人员。”",
67,1,寒铁狱城,熔炉,,,,"熔炉的炉火似乎并没有烧化外界的冰块，
但是你感到一阵痛苦的灼烧感……
过了很久你才发现，痛苦是从你的身体里面发出的。",,"原本在熔炉旁感受到的那种灼烧感，那种痛苦更为明显了。
你觉得身体里面似乎有什么东西要炸开了一样，自己似乎要爆炸一般。
而这一次，痛苦不再消逝。","change_status:67,2;",,,,0,,,,,,
67,2,寒铁狱城,熔炉,,,,"熔炉的炉火似乎并没有烧化外界的冰块，
但是你感到一阵痛苦的灼烧感……
过了很久你才发现，痛苦是从你的身体里面发出的。",,痛苦从未消逝，也不会消逝。,,,,,0,,,,,,
68,1,寒铁狱城,绿衣人尸体,,,,作恶多端的绿衣人变为了一具尸体，身上没有明显外伤。’,,绿衣人的尸体上早已没有一丝灵魂了。,,,,,1,,,,,没有想象中你和绿衣人对峙的场景，只有你对着绿衣人尸体的不言泄愤。,
72,1,寒铁狱城,传送门,,,,"传送门的规模与稳定性都远超地宫所见。
你不禁浑身战栗，不知道背后又有多少灵魂牺牲。",,你稍做尝试，但是无数灵魂的尖啸让你立刻停止了这一行为。,,,,,0,,,,,,
72,1,寒铁狱城,传送门,穿过传送门,,,,,你稍做尝试，但是无数灵魂的尖啸让你立刻停止了这一行为。,,,goto:梵脉,,0,,,,,,
69,1,寒铁狱城x,熔炉,,,,"熔炉的炉火似乎并没有烧化外界的冰块，
但是你感到一阵痛苦的灼烧感……
过了很久你才发现，痛苦是从你的身体里面发出的。",,"原本在熔炉旁感受到的那种灼烧感，那种痛苦更为明显了。
你觉得身体里面似乎有什么东西要炸开了一样，自己似乎要爆炸一般。
而这一次，痛苦不再消逝。","change_status:69,2;",,,,0,,,,,,
69,2,寒铁狱城x,熔炉,,,,"熔炉的炉火似乎并没有烧化外界的冰块，
但是你感到一阵痛苦的灼烧感……
过了很久你才发现，痛苦是从你的身体里面发出的。",,痛苦从未消逝，也不会消逝。,,,,,0,,,,,,
70,1,寒铁狱城x,绿衣人尸体,,,,作恶多端的绿衣人变为了一具尸体，身上没有明显外伤。’,,绿衣人的尸体上早已没有一丝灵魂了。,,,,,1,,,,,没有想象中你和绿衣人对峙的场景，只有你对着绿衣人尸体的不言泄愤。,
73,1,寒铁狱城,传送门,,,,"传送门的规模与稳定性都远超地宫所见。
你不禁浑身战栗，不知道背后又有多少灵魂牺牲。",,你稍做尝试，但是无数灵魂的尖啸让你立刻停止了这一行为。,,,,,0,,,,,,
73,1,寒铁狱城,传送门,穿过传送门,,,,,你稍做尝试，但是无数灵魂的尖啸让你立刻停止了这一行为。,,,goto:梵脉,,0,,,,,,
